Zone,State,City,Name,location_type,establishment_year,visit_duration_hours,google_rating,entrance_fee,airport_within_city,weekly _off,Significance,dslr_allowed,review_count ,best_time_to_visit
Northern,Delhi,Delhi,India Gate,War Memorial,1921,0.5,4.6,0,TRUE,,Historical,TRUE,2.6,Evening
Northern,Delhi,Delhi,Humayun's Tomb,Tomb,1572,2,4.5,30,TRUE,,Historical,TRUE,0.4,Afternoon
Northern,Delhi,Delhi,Akshardham Temple,Temple,2005,5,4.6,60,TRUE,,Religious,FALSE,0.4,Afternoon
Northern,Delhi,Delhi,Waste to Wonder Park,Theme Park,2019,2,4.1,50,TRUE,Monday,Environmental,TRUE,0.27,Evening
Northern,Delhi,Delhi,Jantar Mantar,Observatory,1724,2,4.2,15,TRUE,,Scientific,TRUE,0.31,Morning
Northern,Delhi,Delhi,Chandni Chowk,Market,1700,3,4.2,0,TRUE,Sunday,Market,TRUE,0.25,Afternoon
Northern,Delhi,Delhi,Lotus Temple,Temple,1986,1,4.5,0,TRUE,Monday,Religious,TRUE,0.59,Evening
Northern,Delhi,Delhi,Red Fort,Fort,1648,2,4.5,35,TRUE,,Historical,TRUE,1.5,Afternoon
Northern,Delhi,Delhi,Agrasen ki Baoli,Stepwell,1400,1,4.2,0,TRUE,,Historical,TRUE,0.41,Afternoon
Northern,Delhi,Delhi,Sunder Nursery,Park,1600,2,4.6,0,TRUE,,Botanical,TRUE,0.16,Afternoon
Northern,Delhi,Delhi,Garden of Five Senses,Park,2003,2,4.1,35,TRUE,,Botanical,TRUE,0.23,Morning
Northern,Delhi,Delhi,Lodhi Garden,Park,1500,1,4.5,0,TRUE,,Botanical,TRUE,0.48,All
Northern,Delhi,Delhi,National Gallery of Modern Art,Museum,1954,3,4.5,20,TRUE,Monday,Artistic,TRUE,0.08,All
Northern,Delhi,Delhi,National Zoological Park ,Zoo,1959,3,4.1,80,TRUE,Friday,Environmental,TRUE,0.41,All
Northern,Delhi,Delhi,Qutub Minar,Monument,1192,1,4.5,35,TRUE,,Historical,TRUE,1.37,Afternoon
Northern,Delhi,Delhi,National Science Centre,Science,1992,5,4.4,70,TRUE,,Scientific,TRUE,0.23,All
Western,Maharashtra,Mumbai,Marine Drive,Promenade,,2,4.5,0,TRUE,,Scenic,TRUE,1.5,Evening
Western,Maharashtra,Mumbai,Gateway of India,Monument,1924,1,4.6,0,TRUE,,Historical,TRUE,3.6,All
Western,Maharashtra,Mumbai,Chhatrapati Shivaji Maharaj Vastu Sangrahalaya,Museum,1922,1,4.6,500,TRUE,,Historical,TRUE,0.34,All
Western,Maharashtra,Mumbai,Sanjay Gandhi National Park,National Park,1996,3,4.3,50,TRUE,Monday,Wildlife,TRUE,0.6,All
Western,Maharashtra,Mumbai,Siddhivinayak Temple,Temple,1881,2,4.8,0,TRUE,,Religious,FALSE,1.05,All
Western,Maharashtra,Mumbai,Mahalaxmi Temple,Temple,1831,1,4.7,0,TRUE,,Religious,FALSE,0.33,All
Western,Maharashtra,Mumbai,Haji Ali Dargah,Religious Shrine,1431,2,4.4,0,TRUE,,Religious,FALSE,0.16,All
Western,Maharashtra,Mumbai,Chowpatty Beach,Beach,,2,4.3,0,TRUE,,Recreational,TRUE,0.05,Evening
Western,Maharashtra,Mumbai,Essel World,Amusement Park,1986,5,4.3,1149,TRUE,,Recreational,TRUE,0.27,All
Western,Maharashtra,Mumbai,Elephanta Caves,Monument,1987,4,4.3,550,TRUE,,Historical,TRUE,0.35,All 
Western,Maharashtra,Lonavala,Imagicaa,Amusement Park,2013,5,1.4,1149,FALSE,Monday,Recreational,TRUE,0.95,All
Southern,Karnataka,Bangalore,Bangalore Palace,Palace,1878,2,4.2,500,TRUE,Monday,Historical,TRUE,0.9,Morning
Southern,Karnataka,Bangalore,Lalbagh Botanical Garden,Botanical Garden,1760,1.5,4.4,20,TRUE,,Nature,TRUE,1.5,Evening
Southern,Karnataka,Bangalore,Cubbon Park,Park,1870,1,4.4,0,TRUE,,Nature,TRUE,1.32,Morning
Southern,Karnataka,Bangalore,Vidhana Soudha,Government Building,1956,0.5,4.6,0,TRUE,,Architectural,FALSE,0.8,Morning
Southern,Karnataka,Bangalore,ISKCON Temple Bangalore,Temple,1997,1,4.6,0,TRUE,,Religious,TRUE,1.14,Evening
Southern,Telangana,Hyderabad,Charminar,Landmark,1591,1,4.5,25,TRUE,Friday,Historical,TRUE,2.1,Morning
Southern,Telangana,Hyderabad,Golconda Fort,Fort,1600,2,4.4,30,TRUE,,Historical,TRUE,1.2,Morning
Southern,Telangana,Hyderabad,Hussain Sagar Lake,Lake,1563,1,4.3,0,TRUE,,Scenic,TRUE,0.5,Evening
Southern,Telangana,Hyderabad,Ramoji Film City,Film Studio,1996,4,4.4,1150,TRUE,,Entertainment,TRUE,0.45,All
Southern,Telangana,Hyderabad,Salar Jung Museum,Museum,1951,2,4.4,20,TRUE,,Historical,TRUE,0.67,All
Southern,Telangana,Hyderabad,Qutb Shahi Tombs,Tombs,1600,1,4.4,25,TRUE,,Historical,TRUE,0.2,Morning
Southern,Telangana,Hyderabad,Birla Mandir,Temple,1976,1,4.7,0,TRUE,,Religious,FALSE,0.41,All
Southern,Telangana,Hyderabad,Chowmahalla Palace,Palace,1800,1.5,4.4,80,TRUE,,Historical,TRUE,0.45,Morning
Southern,Telangana,Hyderabad,Nehru Zoological Park,Zoo,1963,3,4.2,50,TRUE,,Wildlife,TRUE,0.86,Morning
Southern,Telangana,Hyderabad,Lumbini Park,Park,1994,1,4.1,20,TRUE,,Recreational,TRUE,0.73,Evening
Eastern,West Bengal,Kolkata,Victoria Memorial,Museum,1921,1.5,4.6,30,TRUE,Monday,Historical,TRUE,0.73,Morning
Eastern,West Bengal,Kolkata,Howrah Bridge,Bridge,1943,0.5,4.6,0,TRUE,,Architectural,FALSE,1.2,Anytime
Eastern,West Bengal,Kolkata,Indian Museum,Museum,1814,2,4.6,50,TRUE,Monday,Historical,TRUE,0.18,Morning
Eastern,West Bengal,Kolkata,Dakshineswar Kali Temple,Temple,1855,1,4.7,0,TRUE,,Religious,TRUE,0.82,Morning
Eastern,West Bengal,Kolkata,Kalighat Kali Temple,Temple,1809,1,4.4,0,TRUE,,Religious,TRUE,0.5,Morning
Eastern,West Bengal,Kolkata,Eden Gardens,Cricket Ground,1864,3,4.1,2500,TRUE,,Sports,TRUE,0.1,All
Eastern,West Bengal,Kolkata,Alipore Zoological Gardens,Zoo,1876,2,4.3,25,TRUE,,Wildlife,TRUE,0.66,Afternoon
Eastern,West Bengal,Kolkata,Science City Kolkata,Science,1997,3,4.4,60,TRUE,,Educational,TRUE,0.88,All
Eastern,West Bengal,Kolkata,Belur Math,Site,1898,1.5,4.7,0,TRUE,,Religious,TRUE,0.47,Morning
Eastern,West Bengal,Kolkata,Marble Palace,Palace,1835,1,4.4,0,TRUE,,Historical,TRUE,0.1,Afternoon
Southern,Goa,Goa,Calangute Beach,Beach,,2,4.4,0,TRUE,,Scenic,TRUE,0.26,Evening
Southern,Goa,Goa,Basilica of Bom Jesus,Church,1605,1,4.5,0,TRUE,,Historical,TRUE,0.59,Afternoon
Southern,Goa,Goa,Fort Aguada,Fort,1612,1.5,4.2,0,TRUE,,Historical,TRUE,0.95,Morning
Southern,Goa,Goa,Dudhsagar Falls,Waterfall,,3,4.6,500,TRUE,,Nature,TRUE,0.3,Afternoon
Southern,Goa,Goa,Anjuna Beach,Beach,,2,4.4,0,TRUE,,Scenic,TRUE,0.18,Evening
Southern,Goa,Goa,Chapora Fort,Fort,1617,1,4.2,0,TRUE,,Historical,TRUE,0.19,Evening
Southern,Goa,Goa,Se Cathedral,Church,1640,1,4.5,0,TRUE,,Historical,TRUE,0.05,Afternoon
Southern,Goa,Goa,Baga Beach,Beach,,2,4.5,0,TRUE,,Scenic,TRUE,0.35,Evening
Southern,Goa,Goa,Arambol Beach,Beach,,2,4.6,0,TRUE,,Scenic,TRUE,0.1,Evening
Southern,Goa,Goa,Palolem Beach,Beach,,2,4.6,0,TRUE,,Scenic,TRUE,0.27,Evening
Southern,Goa,Goa,Colva Beach,Beach,,2,4.3,0,TRUE,,Scenic,TRUE,0.1,Evening
Southern,Goa,Goa,Miramar Beach,Beach,,1.5,4.2,0,TRUE,,Scenic,TRUE,0.3,Evening
Southern,Goa,Goa,Aguada Beach,Beach,,2,4.5,0,TRUE,,Scenic,TRUE,0.01,Evening
Southern,Goa,Goa,Dr. Salim Ali Bird Santuary,Bird Sanctuary,1988,2,3.9,10,TRUE,,Wildlife,TRUE,0.03,Afternoon
Western,Gujarat,Ahmedabad,Sabarmati Ashram,Historical,1915,1.5,4.6,0,TRUE,,Historical,TRUE,0.35,Morning
Western,Gujarat,Dwarka,Dwarkadhish Temple,Temple,-400,2,4.7,0,FALSE,,Religious,FALSE,0.59,Evening
Western,Gujarat,Junagadh,Gir National Park,National Park,1965,3,4.5,3500,FALSE,,Wildlife,TRUE,0.08,Morning
Western,Gujarat,Bhuj,White Desert,Site,1950,2.5,4.6,0,TRUE,,Nature,TRUE,0.12,Evening
Western,Gujarat,Vadodara,Laxmi Vilas Palace,Palace,1890,2,4.4,200,TRUE,Monday,Historical,TRUE,0.17,Afternoon
Western,Gujarat,Somnath,Somnath Temple,Temple,1951,2,4.8,0,FALSE,,Religious,FALSE,0.39,Morning
Western,Gujarat,Rann of Kutch,Rann Utsav,Cultural,,3,4.9,7500,TRUE,,Cultural,TRUE,0.1,Evening
Western,Gujarat,Kevadia,Statue of Unity,Monument,2018,3,4.6,350,FALSE,Monday,Historical,TRUE,0.67,All
Western,Gujarat,Gandhinagar,Dandi Kutir,Museum,2013,1.5,4.5,0,FALSE,,Historical,TRUE,0.05,All
Western,Gujarat,Ahmedabad,Sabarmati Riverfront,Urban Development Project,2012,1,4.6,0,TRUE,,Recreational,TRUE,0.1,Evening
Western,Gujarat,Ahmedabad,Manek Chowk,Market,,2,4.4,0,TRUE,,Food,TRUE,0.49,Night
Western,Gujarat,Ahmedabad,Kankaria Lake,Lake,1451,3,4.5,10,TRUE,,Recreational,TRUE,0.3,Afternoon
Western,Gujarat,Ahmedabad,Science City,Science,2002,7,4.4,500,TRUE,Monday,Educational,TRUE,0.11,All
Northern,Rajasthan,Jaipur,Hawa Mahal,Palace,1799,1,4.4,50,TRUE,,Architectural,TRUE,1.3,Morning
Northern,Rajasthan,Udaipur,City Palace,Palace,1559,2,4.4,300,TRUE,,Historical,TRUE,0.51,All
Northern,Rajasthan,Jaisalmer,Jaisalmer Fort,Fort,1156,2.5,4.4,50,FALSE,,Historical,TRUE,0.56,All
Northern,Rajasthan,Sawai Madhopur,Ranthambore National Park,Wildlife Sanctuary,1980,3,4.6,500,FALSE,,Wildlife,TRUE,0.09,All
Northern,Rajasthan,Pushkar,Pushkar Lake,Temple,1400,1.5,4.4,0,FALSE,,Religious,TRUE,1.6,All
Northern,Rajasthan,Ajmer,Ajmer Sharif Dargah,Shrine,1236,1,4.6,0,TRUE,,Religious,FALSE,0.35,All
Northern,Rajasthan,Jodhpur,Mehrangarh Fort,Fort,1459,2,4.6,100,TRUE,,Historical,TRUE,0.64,All
Northern,Rajasthan,Chittorgarh,Chittorgarh Fort,Fort,700,2,4.6,40,FALSE,,Historical,TRUE,1.9,All
Northern,Rajasthan,Mount Abu,Dilwara Temples,Temple,1100,1,4.6,0,FALSE,,Religious,FALSE,0.05,All
Northern,Rajasthan,Bikaner,Junagarh Fort,Fort,1589,2,4.5,50,TRUE,,Historical,TRUE,0.32,All
Northern,Rajasthan,Jaipur,Amber Fort,Fort,1592,2,4.6,100,TRUE,,Historical,TRUE,1.5,All
Northern,Rajasthan,Jaipur,Jaigarh Fort,Fort,1726,1.5,4.5,35,TRUE,,Historical,TRUE,0.3,All
Northern,Rajasthan,Udaipur,Lake Pichola,Lake,1362,1,4.6,0,TRUE,,Nature,TRUE,0.5,All
Northern,Punjab,Amritsar,Golden Temple (Harmandir Sahib),Religious Site,1604,1.5,4.9,0,TRUE,,Spiritual,TRUE,1.9,All
Northern,Punjab,Amritsar,Jallianwala Bagh,Memorial,1951,1,4.8,0,TRUE,,Historical,TRUE,0.3,Afternoon
Northern,Punjab,Amritsar,Wagah Border,Border Crossing,1950,2,4.8,0,TRUE,,Cultural,TRUE,0.17,Evening
Northern,Punjab,Chandigarh,Rock Garden,Sculpture Garden,1976,2,4.5,30,TRUE,,Artistic,TRUE,0.5,All
Southern,Kerala,Alappuzha,Alappuzha Beach,Beach,,1.5,4.5,0,TRUE,,Recreational,TRUE,0.11,All
Southern,Kerala,Munnar,Munnar Tea Gardens,Scenic Area,,2,4.3,0,FALSE,,Nature,TRUE,0.3,All
Southern,Kerala,Kochi,Fort Kochi,Site,1503,1,4.4,0,TRUE,,Historical,TRUE,0.1,All
Southern,Kerala,Thiruvananthapuram,Padmanabhaswamy Temple,Temple,,1,4.7,0,TRUE,,Religious,FALSE,0.46,All
Southern,Kerala,Kozhikode,Kozhikode Beach,Beach,,1.5,3.9,0,TRUE,,Recreational,TRUE,0.059,All
Southern,Kerala,Wayanad,Wayanad Wildlife Sanctuary,Wildlife Sanctuary,,3,4.5,300,FALSE,,Wildlife,TRUE,2.2,All
Southern,Kerala,Thekkady,Periyar National Park,National Park,1982,3,4.3,50,FALSE,,Wildlife,TRUE,0.14,All
Southern,Kerala,Kumarakom,Kumarakom Bird Sanctuary,Bird Sanctuary,1972,2,3.8,50,TRUE,,Wildlife,TRUE,0.1,All
Southern,Kerala,Varkala,Varkala Beach,Beach,,2,4.6,0,TRUE,,Recreational,TRUE,0.1,All
Southern,Kerala,Bekal,Bekal Fort,Fort,1650,1.5,4.5,20,FALSE,,Historical,TRUE,0.22,All
Southern,Kerala,Kovalam,Kovalam Beach,Beach,,2,4.4,0,TRUE,,Recreational,TRUE,0.68,All
Southern,Kerala,Kannur,St. Angelo Fort,Fort,1505,1,4.4,20,TRUE,,Historical,TRUE,0.11,All
Southern,Kerala,Nelliyampathy,Seethargundu Viewpoint,Viewpoint,,1,4.5,0,FALSE,,Nature,TRUE,0.03,Morning
Southern,Kerala,Kochi,Kerala Folklore Museum,Cultural,2009,1.5,4.4,100,TRUE,Monday,Cultural,TRUE,0.1,All
Southern,Kerala,Kochi,Wonderla Amusement Park,Amusement Park,2016,5.5,4.6,750,TRUE,,Entertainment,TRUE,0.41,All
Southern,Karnataka,Mysore,Mysore Palace,Palace,1912,2,4.6,50,TRUE,,Historical,TRUE,2.5,All
Southern,Karnataka,Hampi,Hampi Archaeological Ruins,Site,,3,4.7,0,FALSE,,Historical,TRUE,0.05,All
Southern,Karnataka,Coorg,Abbey Falls,Waterfall,,1,4.1,0,FALSE,,Nature,TRUE,0.03,Morning
Southern,Karnataka,Gokarna,Om Beach,Beach,,2,4.5,0,FALSE,,Nature,TRUE,0.09,All
Southern,Karnataka,Chikmagalur,Mullayanagiri,Mountain Peak,,3,4.5,0,FALSE,,Nature,TRUE,0.05,All
Southern,Karnataka,Badami,Badami Cave Temples,Cave,600,1.5,4.6,30,FALSE,,Religious,FALSE,0.2,All
Southern,Karnataka,Shivamogga,Jog Falls,Waterfall,1900,1.5,4.6,30,FALSE,,Nature,TRUE,0.23,Morning
Southern,Karnataka,Mangalore,Panambur Beach,Beach,,1.5,4.5,0,TRUE,,Recreational,TRUE,0.1,All
Southern,Karnataka,Murudeshwar,Murudeshwar Temple,Temple,,1,4.7,0,TRUE,,Religious,FALSE,0.49,All
Southern,Karnataka,Bijapur,Gol Gumbaz,Mausoleum,1656,1.5,4.5,20,FALSE,,Historical,TRUE,0.25,All
Southern,Karnataka,Bandipur,Bandipur National Park,National Park,1974,3,4.4,300,FALSE,,Wildlife,TRUE,0.15,Morning
Southern,Karnataka,Halebidu,Halebidu Hoysaleswara Temple,Temple,1121,1,4.7,15,FALSE,,Religious,FALSE,0.11,All
Western,Maharashtra,Pune,Shaniwar Wada,Fort,1732,2,4.4,50,TRUE,,Historical,TRUE,1.2,All
Western,Maharashtra,Aurangabad,Ajanta Caves,Cave,200,3,4.6,30,TRUE,Monday,Historical,TRUE,0.21,Afternoon
Western,Maharashtra,Nashik,Sula Vineyards,Vineyard,1999,2,4.1,300,TRUE,,Recreational,TRUE,0.1,Afternoon
Western,Maharashtra,Shirdi,Sai Baba Temple,Temple,1922,1.5,4.7,0,TRUE,,Religious,FALSE,0.69,All
Western,Maharashtra,Alibaug,Alibaug Beach,Beach,,1.5,4.2,0,TRUE,,Recreational,TRUE,0.05,Evening
Western,Maharashtra,Ratnagiri,Ganapatipule Temple,Temple,1600,1,4.7,0,FALSE,,Religious,FALSE,0.1,All
Western,Maharashtra,Nagpur,Deekshabhoomi,Monument,2001,1,4.5,0,TRUE,,Religious,TRUE,0.11,Afternoon
Western,Maharashtra,Kolhapur,Mahalakshmi Temple,Temple,700,1,4.8,0,TRUE,,Religious,FALSE,0.9,All
Western,Maharashtra,Lonavala,Karla Caves,Cave,200,1.5,4.4,25,TRUE,Yes,Historical,TRUE,0.27,Afternoon
Western,Maharashtra,Tarkarli,Tarkarli Beach,Beach,,2,4.6,0,FALSE,,Recreational,TRUE,0.065,Evening
Western,Maharashtra,Satara,Kaas Plateau,Valley,,2,4.4,300,FALSE,,Nature,TRUE,0.05,Afternoon
Western,Maharashtra,Matheran,Echo Point,Viewpoint,1828,1.5,4.4,0,TRUE,,Nature,TRUE,0.02,Morning
Western,Maharashtra,Ajanta,Ellora Caves,Cave,600,3,4.7,30,TRUE,Tuesday,Historical,TRUE,0.49,Afternoon
Central,Madhya Pradesh,Khajuraho,Khajuraho Group of Monuments,Temples,-850,2,4.7,40,FALSE,,Cultural,TRUE,0.09,Afternoon
Central,Madhya Pradesh,Bhopal,Sanchi Stupa,Monument,-300,1.5,4.7,30,TRUE,,Historical,TRUE,0.01,Afternoon
Central,Madhya Pradesh,Indore,Rajwada Palace,Palace,1747,1,4.4,10,TRUE,,Historical,TRUE,0.63,Afternoon
Central,Madhya Pradesh,Gwalior,Gwalior Fort,Fort,900,2.5,4.5,75,TRUE,,Historical,TRUE,0.4,Morning
Central,Madhya Pradesh,Ujjain,Mahakaleshwar Jyotirlinga,Temple,-3500,1.5,4.8,0,TRUE,,Religious,FALSE,1.2,All
Central,Madhya Pradesh,Jabalpur,Dhuandhar Falls,Waterfall,,1,4.5,0,FALSE,,Nature,TRUE,0.01,Morning
Central,Madhya Pradesh,Pachmarhi,Bee Falls,Waterfall,,1.5,4.6,15,FALSE,,Nature,TRUE,0.065,Morning
Central,Madhya Pradesh,Kanha,Kanha National Park,Wildlife Sanctuary,1955,3,4.5,100,FALSE,,Wildlife,TRUE,0.1,Morning
Central,Madhya Pradesh,Bandhavgarh,Bandhavgarh National Park,National Park,1968,3,4.5,50,FALSE,,Wildlife,TRUE,0.05,Morning
Central,Madhya Pradesh,Orchha,Orchha Fort,Fort,1500,1.5,4.8,10,FALSE,,Historical,TRUE,0.1,Afternoon
Central,Madhya Pradesh,Mandu,Jahaz Mahal,Site,1500,1,3.9,50,FALSE,,Historical,TRUE,0.03,Afternoon
Central,Madhya Pradesh,Bhimbetka,Bhimbetka Rock Shelters,Prehistoric Site,1958,2,4.6,25,FALSE,,Archaeological,TRUE,0.07,Afternoon
Central,Madhya Pradesh,Amarkantak,Narmada Udgam Temple,Temple,1200,1,4.4,0,FALSE,,Religious,TRUE,0.01,All
Central,Madhya Pradesh,Chitrakoot,Chitrakoot Falls,Waterfall,,1.5,4.4,0,FALSE,,Nature,TRUE,0.1,Morning
Northern,Himachal Pradesh,Shimla,The Ridge,Scenic Point,,1,4.7,0,TRUE,,Recreational,TRUE,0.03,Morning
Northern,Himachal Pradesh,Manali,Solang Valley,Valley,,2,4.1,0,FALSE,,Adventure,TRUE,0.05,Morning
Northern,Himachal Pradesh,dalhousie,Dalai Lama Temple,Temple,1959,1.5,4.7,0,TRUE,,Religious,FALSE,0.15,All
Northern,Himachal Pradesh,Dalhousie,Khajjiar Lake,Lake,,1.5,4.5,0,FALSE,,Nature,TRUE,0.1,Morning
Northern,Himachal Pradesh,Spiti Valley,Key Monastery,Monastery,1100,1,4.8,0,FALSE,,Religious,TRUE,0.025,Morning
Northern,Himachal Pradesh,Kullu,Great Himalayan National Park,National Park,1984,3,4.5,50,FALSE,,Wildlife,TRUE,0.2,All
Northern,Himachal Pradesh,Chamba,Chamera Lake,Lake,,2,4.4,0,FALSE,,Recreational,TRUE,0.01,Morning
Northern,Himachal Pradesh,Kinnaur,Sangla Valley,Valley,,2,4.5,0,FALSE,,Nature,TRUE,0.01,Morning
Northern,Himachal Pradesh,Kangra,Kangra Fort,Fort,400,2,4.4,150,TRUE,,Historical,TRUE,0.1,All
Northern,Himachal Pradesh,Palampur,Tea Gardens,Tea Plantation,1950,1.5,4.6,0,TRUE,,Agricultural,TRUE,0.015,Morning
Northern,Himachal Pradesh,Mandi,Prashar Lake,Lake,1400,1.5,4.6,0,FALSE,,Nature,TRUE,0.01,Morning
Northern,Himachal Pradesh,Bir Billing,Paragliding Site,Adventure Sport,2005,2,4.8,2500,FALSE,,Adventure,TRUE,0.01,All
Northern,Himachal Pradesh,McLeod Ganj,Triund Trek,Trekking,,5,4.8,0,TRUE,,Adventure,TRUE,0.01,Morning
Northern,Himachal Pradesh,Manikaran,Manikaran Sahib,Gurudwara,1980,1,4.6,0,FALSE,,Religious,TRUE,1.3,Morning
Northern,Himachal Pradesh,Narkanda,Hatu Peak,Viewpoint,,2,4.5,0,TRUE,,Nature,TRUE,1.1,All
Northern,Himachal Pradesh,Barot,Barot Valley,Valley,,2,4.7,0,FALSE,,Nature,TRUE,1.2,Morning
Northern,Himachal Pradesh,Shoja,Serolsar Lake,Lake,,2.5,4.4,0,FALSE,,Nature,TRUE,0.9,Morning
Northern,Himachal Pradesh,Kufri,Kufri Fun World,Ski Resort,1975,5,3.8,1500,TRUE,,Recreational,TRUE,0.1,All
Northern,Uttarakhand,Nainital,Naini Lake,Lake,,1.5,4.2,0,TRUE,,Nature,TRUE,0.01,Morning
Northern,Uttarakhand,Rishikesh,Laxman Jhula,Suspension Bridge,1939,1,4.4,0,TRUE,,Cultural,TRUE,0.03,Morning
Northern,Uttarakhand,Haridwar,Har Ki Pauri,Ghat,,1,4.5,0,TRUE,,Religious,TRUE,0.025,All
Northern,Uttarakhand,Dehradun,Robber's Cave,Cave,,1.5,4.5,25,TRUE,,Nature,TRUE,0.01,Morning
Northern,Uttarakhand,Mussoorie,Kempty Falls,Waterfall,,1.5,4.2,15,TRUE,,Nature,TRUE,0.55,Morning
Northern,Uttarakhand,Auli,Auli Ski Resort,Ski Resort,1990,3,4.5,0,FALSE,,Adventure,TRUE,0.01,Morning
Northern,Uttarakhand,Badrinath,Badrinath Temple,Temple,-820,1,4.8,0,FALSE,,Religious,FALSE,0.29,All
Northern,Uttarakhand,Almora,Binsar Wildlife Sanctuary,Wildlife Sanctuary,1988,2,4.3,150,FALSE,,Wildlife,TRUE,0.01,All
Northern,Uttarakhand,Ranikhet,Chaubatia Gardens,Orchard,1868,1,4,50,FALSE,,Recreational,TRUE,0.025,All
Northern,Uttarakhand,Jim Corbett,Jim Corbett National Park,National Park,1936,3,4.4,100,TRUE,,Wildlife,TRUE,0.3,All
Northern,Uttarakhand,Uttarkashi,Gangotri Temple,Temple,1751,1,4.8,0,FALSE,,Religious,FALSE,0.05,All
Northern,Uttarakhand,Chopta,Tungnath Temple,Temple,751,2,4.8,0,FALSE,,Religious,FALSE,0.09,All
Northern,Uttarakhand,Joshimath,Valley of Flowers,National Park,1982,5,4.7,150,FALSE,,Nature,TRUE,0.035,Morning
Central,Uttar Pradesh,Agra,Taj Mahal,Mausoleum,1632,2,4.6,50,TRUE,Friday,Historical,TRUE,2.25,Morning
Central,Uttar Pradesh,Varanasi,Kashi Vishwanath Temple,Temple,,1,4.7,0,TRUE,,Religious,FALSE,0.9,All
Central,Uttar Pradesh,Lucknow,Bara Imambara,Monument,1784,1.5,4.4,50,TRUE,Monday,Historical,FALSE,0.45,All
Central,Uttar Pradesh,Mathura,Krishna Janmabhoomi,Temple,,1,4.7,0,TRUE,,Religious,FALSE,0.13,All
Central,Uttar Pradesh,Ayodhya,Ram Janmabhoomi,Religious Site,,1,4.8,0,TRUE,,Religious,FALSE,0.025,All
Central,Uttar Pradesh,Vrindavan,Banke Bihari Temple,Temple,1864,1,4.8,0,TRUE,,Religious,FALSE,0.37,All
Central,Uttar Pradesh,Allahabad,Triveni Sangam,Confluence,,1,4.5,0,TRUE,,Religious,TRUE,0.09,Morning
Central,Uttar Pradesh,Jhansi,Jhansi Fort,Fort,1613,1.5,4.4,15,TRUE,,Historical,TRUE,0.25,All
Central,Uttar Pradesh,Sarnath,Dhamek Stupa,Monument,-500,1,4.6,5,TRUE,,Historical,TRUE,0.065,All
Central,Uttar Pradesh,Fatehpur Sikri,Buland Darwaza,Monument,1571,2,4.4,40,TRUE,,Historical,TRUE,0.07,Afternoon
Central,Uttar Pradesh,Noida,Okhla Bird Sanctuary,Bird Sanctuary,1990,1.5,4.3,30,TRUE,,Wildlife,TRUE,0.035,All
Central,Uttar Pradesh,Aligarh,Aligarh Fort,Fort,1524,1,4.1,20,TRUE,,Historical,TRUE,0.0165,Afternoon
Central,Uttar Pradesh,Meerut,Augarnath Temple,Temple,,1,4.8,0,TRUE,,Religious,FALSE,0.045,All
Central,Uttar Pradesh,Kanpur,Allen Forest Zoo,Zoo,1971,2,4.2,150,TRUE,Monday,Wildlife,TRUE,0.21,All
Northern,Jammu and Kashmir,Srinagar,Dal Lake,Lake,,2,4.6,0,TRUE,,Nature,TRUE,0.15,Morning
Northern,Ladakh,Leh,Pangong Tso,Lake,,2,4.9,20,TRUE,,Nature,TRUE,0.15,Morning
Northern,Jammu and Kashmir,Pahalgam,Betaab Valley,Valley,,2,4.6,100,FALSE,,Nature,TRUE,0.11,All
Northern,Jammu and Kashmir,Jammu,Vaishno Devi,Temple,,5,4.7,0,TRUE,,Religious,FALSE,0.55,All
Northern,Jammu and Kashmir,Udhampur,Patnitop Height,Hill,,2,4.1,0,FALSE,,Recreational,TRUE,0.01,All
Northern,Jammu and Kashmir,Anantnag,Amarnath Cave,Temple,,6,4.5,0,FALSE,,Religious,TRUE,0.11,All
Northern,Ladakh,Leh,Thiksey Monastery,Monastery,1430,1.5,4.7,20,TRUE,,Religious,FALSE,0.05,All
Northern,Ladakh,Nubra Valley,Nubra Valley,Valley,,2,4.5,0,FALSE,,Nature,TRUE,0.1,All
Northern,Ladakh,Kargil,Kargil War Memorial,War Memorial,24,1,4.8,0,FALSE,,Historical,TRUE,0.011,All
Northern,Ladakh,Diskit,Diskit Monastery,Monastery,1351,1,4.7,20,FALSE,,Religious,FALSE,0.015,Morning
Northern,Jammu and Kashmir,Kishtwar,Kishtwar National Park,National Park,1981,3,4.3,100,FALSE,,Wildlife,TRUE,0.01,All
Northern,Ladakh,Hemis,Hemis National Park,National Park,1981,4,4.4,20,FALSE,,Wildlife,TRUE,0.02,All
Northern,Ladakh,Dras,Dras War Memorial,War Memorial,,1,4.8,0,FALSE,,Historical,TRUE,0.012,All
Northern,Ladakh,Leh,Magnetic Hill,Gravity Hill,,0.5,3.7,0,TRUE,,Nature,TRUE,0.1,All
Northern,Ladakh,Leh,Khardung La Pass,Hill,,1,4.5,0,TRUE,,Adventure,TRUE,0.05,Afternoon
Northern,Ladakh,Leh,Thiksey Monastery,Monastery,1430,1.5,4.7,30,TRUE,,Religious,FALSE,0.05,All
Central,Uttar Pradesh,Vrindavan,Prem Mandir,Temple,2012,1.5,4.8,0,TRUE,,Religious,TRUE,0.49,Evening
Central,Uttar Pradesh,Porbandar,Kirti Mandir,Memorial,1950,1,4.8,0,TRUE,,Historical,TRUE,0.03,Morning
Central,Uttar Pradesh,Mathura,Nand Gaon,Village,,1,4.1,0,TRUE,,Cultural,TRUE,0.01,Morning
Central,Uttar Pradesh,Mathura,Barsana Mandir,Temple,,1,4.8,0,TRUE,,Religious,TRUE,0.1,Morning
Eastern,West Bengal,Darjeeling,Tiger Hill,Sunrise Point,,1,4.5,0,FALSE,,Nature,TRUE,0.025,All
Eastern,West Bengal,Siliguri,Jaldapara National Park,Wildlife Sanctuary,1941,3,4.4,250,TRUE,,Wildlife,TRUE,0.035,All
Eastern,West Bengal,Sundarbans,Sundarbans National Park,National Park,1984,4,4.4,60,FALSE,,Wildlife,TRUE,0.065,All
Eastern,West Bengal,Digha,Digha Beach,Beach,,1.5,4.5,0,FALSE,,Recreational,TRUE,0.09,Morning
Eastern,West Bengal,Murshidabad,Hazarduari Palace,Palace,1837,1.5,4.5,10,TRUE,Friday,Historical,TRUE,0.18,Morning
Eastern,West Bengal,Bolpur,Kankalitala Temple,Temple,,0.5,4.7,0,TRUE,,Religious,FALSE,0.045,All
Eastern,West Bengal,Hooghly,Hangseswari Temple,Temple,1814,0.5,4.6,0,TRUE,,Architectural,FALSE,0.07,All
Eastern,West Bengal,Jalpaiguri,Gorumara National Park,National Park,1949,3,4.4,100,TRUE,,Wildlife,TRUE,0.07,All
Eastern,West Bengal,Cooch Behar,Cooch Behar Palace,Palace,1887,1,4.5,20,TRUE,Friday,Historical,TRUE,0.09,All
Eastern,West Bengal,Purulia,Ayodhya Hills,Hill,,2.5,4.5,0,FALSE,,Nature,TRUE,0.15,All
Eastern,Odisha,Puri,Jagannath Temple,Temple,,2,4.7,0,TRUE,,Religious,FALSE,1,All
Eastern,Odisha,Konark,Sun Temple,Temple,1250,1.5,4.7,40,TRUE,,Historical,TRUE,0.83,All
Eastern,Odisha,Bhubaneswar,Lingaraj Temple,Temple,,1,4.6,0,TRUE,,Religious,FALSE,0.35,All
Eastern,Odisha,Rourkela,Khandadhar Waterfall,Waterfall,,1.5,4.5,0,FALSE,,Nature,TRUE,1.2,All
Eastern,Odisha,Cuttack,Barabati Fort,Fort,-987,1,4.5,0,TRUE,,Historical,TRUE,0.13,All
Eastern,Odisha,Sambalpur,Hirakud Dam,Dam,1957,1,4.5,0,FALSE,,Engineering Marvel,TRUE,0.01,All
Eastern,Odisha,Chilika,Chilika Lake,Lake,,2,3.9,0,TRUE,,Nature,TRUE,0.1,Morning
Eastern,Odisha,Berhampur,Tara Tarini Temple,Temple,,1,4.6,0,TRUE,,Religious,FALSE,0.01,All
Eastern,Odisha,Keonjhar,Badaghagara Waterfall,Waterfall,,1,4.3,0,FALSE,,Nature,TRUE,0.018,Morning
Eastern,Odisha,Balasore,Chandipur Beach,Beach,,1.5,4.2,0,TRUE,,Recreational,TRUE,0.014,Morning
Eastern,Odisha,Kendujhar,Sanaghagara Waterfall,Waterfall,,1,4.4,0,FALSE,,Nature,TRUE,0.055,All
Southern,Tamil Nadu,Chennai,Marina Beach,Beach,,1.5,3.9,0,TRUE,,Recreational,TRUE,0.1,Morning
Southern,Tamil Nadu,Madurai,Meenakshi Amman Temple,Temple,,2,4.7,0,TRUE,,Religious,FALSE,0.65,All
Southern,Tamil Nadu,Rameswaram,Ramanathaswamy Temple,Temple,,1.5,4.6,0,FALSE,,Religious,FALSE,0.01,All
Southern,Tamil Nadu,Kanyakumari,Vivekananda Rock Memorial,Memorial,1970,1,4.6,20,TRUE,,Historical,FALSE,0.47,Morning
Southern,Tamil Nadu,Ooty,Ooty Lake,Lake,1824,1,4.1,10,TRUE,,Recreational,TRUE,0.61,Morning
Southern,Tamil Nadu,Coimbatore,Marudamalai Temple,Temple,,1,4.7,0,TRUE,,Religious,FALSE,0.3,All
Southern,Tamil Nadu,Kodaikanal,Kodaikanal Lake,Lake,1863,2,3.9,0,FALSE,,Recreational,TRUE,0.1,Morning
Southern,Tamil Nadu,Thanjavur,Brihadeeswarar Temple,Temple,110,1.5,4.8,0,TRUE,,Religious,FALSE,0.35,All
Southern,Tamil Nadu,Mahabalipuram,Shore Temple,Temple,,1,4.6,40,TRUE,,Historical,FALSE,0.09,All
Southern,Tamil Nadu,Yercaud,Yercaud Lake,Lake,,1,4.2,0,FALSE,,Recreational,TRUE,0.019,Morning
Southern,Tamil Nadu,Tirunelveli,Nellaiappar Temple,Temple,,1,4.6,0,TRUE,,Religious,FALSE,0.16,All
Southern,Tamil Nadu,Chidambaram,Nataraja Temple,Temple,,1,4.7,0,TRUE,,Religious,FALSE,0.28,All
Southern,Andhra Pradesh,Vijayawada,Kanaka Durga Temple,Temple,,1,4.7,0,TRUE,,Religious,FALSE,0.44,All
Southern,Andhra Pradesh,Visakhapatnam,Rishikonda Beach,Beach,,1.5,4.5,0,TRUE,,Recreational,TRUE,0.39,Morning
Southern,Andhra Pradesh,Srisailam,Mallikarjuna Swamy Temple,Temple,,1,4.7,0,FALSE,,Religious,FALSE,0.49,All
Southern,Andhra Pradesh,Rajahmundry,Papikondalu,Hill,,2,4.3,0,TRUE,,Nature,TRUE,0.032,All
Southern,Andhra Pradesh,Anantapur,Lepakshi,Site,,1.5,4.6,0,FALSE,,Historical,TRUE,0.075,All
Southern,Andhra Pradesh,Kurnool,Belum Caves,Cave,,1.5,4.4,65,TRUE,,Natural Wonder,TRUE,0.11,Afternoon
Southern,Andhra Pradesh,Amravati,Amaravathi Temple,Temple,,1,4.7,0,TRUE,,Religious,FALSE,0.041,All
Southern,Andhra Pradesh,Guntur,Uppalapadu Bird Sanctuary,Bird Sanctuary,,1,4.4,10,TRUE,,Wildlife,TRUE,0.7,All
Southern,Andhra Pradesh,Kadapa,Gandikota Fort,Fort,,1.5,4.5,0,FALSE,,Historical,TRUE,0.015,Morning
Southern,Andhra Pradesh,Puttaparthi,Prasanthi Nilayam,Spiritual Center,1950,1,4.7,0,TRUE,,Religious,TRUE,0.12,All
Southern,Andhra Pradesh,Vizianagaram,Simhachalam Temple,Temple,198,1,4.7,0,TRUE,,Religious,FALSE,0.59,All
Southern,Andhra Pradesh,Visakhapatnam,Kailasagiri,Hill,,2,4.5,0,TRUE,,Recreational,TRUE,0.019,All
Southern,Andhra Pradesh,Visakhapatnam,Submarine Museum,Museum,22,1,4.6,40,TRUE,,Historical,TRUE,0.49,All
Southern,Andhra Pradesh,Visakhapatnam,Borra Caves,Cave,,2,4.5,60,FALSE,,Natural Wonder,TRUE,0.31,Afternoon
Southern,Andhra Pradesh,Visakhapatnam,War Memorial,War Memorial,,1,4.6,0,TRUE,,Historical,TRUE,0.059,All
Southern,Andhra Pradesh,Visakhapatnam,Indira Gandhi Zoological Park,Zoo,1977,2,4.1,20,TRUE,Monday,Wildlife,TRUE,0.25,Afternoon
Southern,Andhra Pradesh,Visakhapatnam,Matsyadarshini Aquarium,Aquarium,,1,3.8,20,TRUE,,Recreational,TRUE,0.03,All
Southern,Andhra Pradesh,Visakhapatnam,Visakha Museum,Museum,1991,1,4.3,10,TRUE,,Cultural,TRUE,0.065,All
Eastern,Sikkim,Gangtok,Nathula Pass,Hill,,2,4.3,20,TRUE,,Historical,TRUE,0.15,Afternoon
Eastern,Sikkim,Pelling,Pemayangtse Monastery,Monastery,1705,1,4.6,20,FALSE,,Religious,FALSE,0.015,Morning
Eastern,Sikkim,Namchi,Char Dham,Religious Complex,211,2,4.7,50,TRUE,,Religious,FALSE,0.12,All
Eastern,Sikkim,Gangtok,Rumtek Monastery,Monastery,,1,4.6,10,TRUE,,Religious,FALSE,0.035,Morning
Eastern,Sikkim,Ravangla,Buddha Park,Park,213,1,4.8,50,TRUE,,Cultural,TRUE,0.1,All
Eastern,Sikkim,Gangtok,Baba Harbhajan Singh Temple,Temple,1967,1,4.7,0,TRUE,,Religious,FALSE,0.075,All
Eastern,Sikkim,Gangtok,Tsomgo Lake,Lake,,2,4.5,0,TRUE,,Nature,TRUE,0.15,Morning
North Eastern,Assam,Guwahati,Kamakhya Temple,Temple,,2,4.6,0,TRUE,,Religious,FALSE,0.21,All
North Eastern,Assam,Kaziranga,Kaziranga National Park,National Park,1905,3,4.5,650,FALSE,,Wildlife,FALSE,0.068,Morning
North Eastern,Assam,Guwahati,Umananda Island,Island,,1,4.1,0,TRUE,,Nature,TRUE,0.01,Morning
North Eastern,Assam,Sivasagar,Sivasagar Sivadol,Temple,1734,1,4.7,0,FALSE,,Historical,TRUE,0.065,All
North Eastern,Assam,Majuli,Majuli Island,River Island,,2,4.7,0,FALSE,,Cultural,TRUE,0.01,Morning
North Eastern,Assam,Manas,Manas National Park,National Park,1990,3,4.6,500,FALSE,,Wildlife,TRUE,0.19,Morning
North Eastern,Assam,Hajo,Hayagriva Madhava Temple,Temple,,1,4.5,0,FALSE,,Religious,TRUE,0.9,All
North Eastern,Assam,Guwahati,Pobitora Wildlife Sanctuary,Wildlife Sanctuary,1987,2,4.4,500,TRUE,,Wildlife,TRUE,0.037,All
North Eastern,Arunachal Pradesh,Tawang,Tawang Monastery,Monastery,1680,2,4.7,0,FALSE,,Religious,FALSE,0.032,Morning
North Eastern,Tripura,Agartala,Ujjayanta Palace,Palace,1901,1.5,4.5,10,TRUE,Monday,Historical,TRUE,0.035,All
North Eastern,Tripura,Dumboor,Dumboor Lake,Lake,,1,4.5,0,FALSE,,Nature,TRUE,0.01,Morning
North Eastern,Tripura,Unakoti,Unakoti Rock Carvings,Rock Carvings,700,1.5,4.5,20,FALSE,,Historical,TRUE,0.025,Morning
Central,Chhattisgarh,Bastar,Chitrakote Falls,Waterfall,,1.5,4.6,0,FALSE,,Nature,TRUE,0.19,Morning
North Eastern,Nagaland,Dzükou Valley,Dzükou Valley,Valley,,3,4.7,0,FALSE,,Trekking,TRUE,0.01,Afternoon
Southern,Puducherry,Puducherry,Promenade Beach,Beach,,1,4.5,0,TRUE,,Recreational,TRUE,0.09,Morning
Southern,Puducherry,Auroville,Auroville,Township,1968,2,4.1,0,TRUE,,Cultural,TRUE,0.035,All
Southern,Puducherry,Puducherry,Paradise Beach,Beach,,1,4.5,200,TRUE,,Recreational,TRUE,0.015,Morning
Southern,Andaman and Nicobar Islands,Port Blair,Cellular Jail,Landmark,1906,1.5,4.7,30,TRUE,Monday,Historical,TRUE,0.12,Afternoon
Southern,Andaman and Nicobar Islands,Havelock Island,Radhanagar Beach,Beach,,1,4.8,0,FALSE,,Nature,TRUE,0.09,Morning
Southern,Andaman and Nicobar Islands,Neil Island,Bharatpur Beach,Beach,,1,4.5,0,FALSE,,Nature,TRUE,0.04,Morning
Southern,Andaman and Nicobar Islands,Baratang Island,Limestone Caves,Natural Feature,,1.5,4.4,250,FALSE,,Nature,TRUE,0.015,Morning
Western,Daman and Diu,Diu,Naida Caves,Cave,,1,4.5,0,FALSE,,Nature,TRUE,0.6,Afternoon
Western,Daman and Diu,Diu,Diu Fort,Fort,1535,1.5,4.6,0,FALSE,,Historical,TRUE,1.2,Afternoon
Eastern,Jharkhand,Deoghar,Baba Baidyanath Temple,Temple,,1,4.7,0,TRUE,,Religious,TRUE,1.8,All
Eastern,Jharkhand,Ranchi,Pahari Mandir,Temple,,1,4.6,0,TRUE,,Religious,TRUE,0.13,All
Eastern,Bihar,Bodh Gaya,Mahabodhi Temple,Temple,-260,1.5,4.7,0,TRUE,,Religious,TRUE,0.2,All
Eastern,Bihar,Patna,Sanjay Gandhi Biological Park,Zoo,,2.5,4.3,30,TRUE,,Wildlife,TRUE,0.5,All
Eastern,Bihar,Patna,Takhat Shri Harimandir Ji Patna Sahib,Gurudwara,,1,4.7,0,TRUE,,Religious,TRUE,0.25,All
Eastern,Bihar,Patna,Budhha Smriti Park,Park,,1,4.4,10,TRUE,,Cultural,TRUE,0.31,All
Northern,Haryana,Gurugram,Kingdom of Dreams,Entertainment,2010,3,4.4,1100,TRUE,Monday,Entertainment,TRUE,0.3,Afternoon
Northern,Haryana,Gurugram,Ambience Mall,Mall,,2,4.6,0,TRUE,,Shopping,TRUE,1.2,Afternoon
Northern,Haryana,Gurugram,DLF CyberHub,Commercial Complex,,2,4.7,0,TRUE,,Entertainment,TRUE,0.71,Afternoon
Northern,Delhi,New Delhi,Gurudwara Bangla Sahib,Gurudwara,,1,4.8,0,TRUE,,Religious,TRUE,1.05,All
Northern,Uttarakhand,Kedarnath,Kedarnath,Temple,,1.5,4.8,0,FALSE,,Religious,FALSE,2,All
Central,Uttar Pradesh,Noida,DLF Mall of India,Mall,2016,2,4.6,0,TRUE,,Shopping,TRUE,1.5,All
Central,Uttar Pradesh,Greater Noida,The Grand Venice Mall,Mall,,2,4.2,0,TRUE,,Shopping,TRUE,0.45,All
Southern,Karnataka,Bengaluru,Wonderla Amusement Park,Amusement Park,2005,4,4.5,890,TRUE,,Entertainment,TRUE,0.95,All
Eastern,Odisha,Bhubaneswar,Nandankanan Zoological Park,Zoo,1960,3,4.4,50,TRUE,Monday,Wildlife,TRUE,0.81,Afternoon
Southern,Karnataka,Bengaluru,Orion Mall,Mall,2012,2,4.5,0,TRUE,,Shopping,TRUE,1.8,All
Southern,Telangana,Hyderabad,Inorbit Mall Cyberabad,Mall,2004,2,4.5,0,TRUE,,Shopping,TRUE,1.2,All
Northern,Delhi,New Delhi,Jama Masjid,Mosque,1656,1,4.5,0,TRUE,,Historical,TRUE,0.49,All
Southern,Tamil Nadu,Rameswaram,Ramanathaswamy Temple,Temple,,1.5,4.7,0,TRUE,,Religious,FALSE,0.1,All
Central,Uttar Pradesh,Greater Noida,Buddh International Circuit,Race Track,2011,2,4.6,1500,TRUE,Sunday,Sports,TRUE,7.4,All
Central,Uttar Pradesh,Lucknow,Phoenix Palassio,Mall,2020,2,4.6,0,TRUE,,Shopping,TRUE,0.35,All
Southern,Kerala,Kochi,LuLu International Shopping Mall,Mall,2013,3,4.6,0,TRUE,,Shopping,TRUE,1.9,All
Northern,Delhi,New Delhi,Rail Museum,Museum,1977,2,4.4,50,TRUE,Monday,Cultural,TRUE,0.24,Morning
North Eastern,Meghalaya,Cherrapunji,Living Root Bridge,Natural Feature,,2,4.6,0,FALSE,,Nature,TRUE,0.06,Morning
Western,Gujarat,Gandhinagar,Akshardham,Temple,1992,3,4.6,0,TRUE,Monday,Religious,FALSE,0.18,All
Central,Uttar Pradesh,Agra,Agra Fort,Fort,1565,2,4.5,40,TRUE,,Historical,TRUE,1.3,Afternoon
Central,Madhya Pradesh,Bhopal,Madhya Pradesh Tribal Museum,Museum,2013,2,4.7,10,TRUE,Monday,Cultural,TRUE,0.15,All
Northern,Rajasthan,Jaipur,City Palace,Palace,1727,2,4.4,200,TRUE,,Historical,TRUE,0.51,Morning
Northern,Rajasthan,Jaipur,Albert Hall Museum,Museum,1887,2,4.5,200,TRUE,,Historical,TRUE,0.63,All
